1	0013A200415453D0
2	0013A200415453D1
3	0013A200415453D2
4	0013A200415453D3
5	0013A200415453D4
6	0013A200415453D5
7	0013A200415453D6
8	0013A200415453D7
9	0013A200415453D8
10	0013A200415453D9
11	0013A200415453D10
12	0013A200415453D11
13	0013A200415453D12
14	0013A200415453D13
15	0013A200415453D14
16	0013A200415453D15
17	0013A200415453D16
18	0013A200415453D17
19	0013A200415453D18
20	0013A200415453D19
21	0013A200415453C9
22	0013A200415453C10
23	0013A200415453C11
24	0013A200415453C12
25	0013A200415453C13
26	0013A200415453C14
27	0013A200415453C15
28	0013A200415453C16
29	0013A200415453C17
30	0013A200415453C18
31	0013A200415453C19
32	0013A200415453C20
33	0013A200415453C21
34	0013A200415453C22
35	0013A200415453C23
36	0013A200415453C24
37	0013A200415453C25
38	0013A200415453C26
39	0013A200415453C27
40	0013A200415453C28

